Obsession|Obsesión|Obsession|Besessenheit|Obsessão|Одержимость|執念|執着|집착
Abyss|Abismo|Abîme|Abgrund|Abismo|Бездна|深淵|深淵|심연
Endless|Interminable|Sans fin|Endlos|Infindável|Бесконечность|無盡|無限|무한
Illusion|Ilusión|Illusion|Illusion|Ilusão|Иллюзия|幻象|幻影|환상
Shadow Lady|Dama de las sombras|Dame des ombres|Schattendame|Dama das Sombras|Владычица теней|暗影女士|影の貴婦人|그림자 여군주
Blood Thirsty|Sed de sangre|Soif de sang|Blutdurst|Sede de Sangue|Жажда крови|嗜血|血への渇望|피의 갈증
Plague|Plaga|Peste|Seuche|Praga|Чума|瘟疫|疫病|역병
Profanity|Profanación|Profanation|Entweihung|Profanação|Осквернение|褻瀆|冒涜|모독
Succubus|Súcubo|Succube|Sukkubus|Súcubo|Суккуб|魅魔|サキュバス|서큐버스
SuccUnits|Unidades de súcubo|Unités succubes|Sukkubus-Einheiten|Unidades de Súcubo|Отряды суккубов|魅魔單位|サキュバスユニット|서큐버스 유닛
Ghost|Fantasma|Fantôme|Geist|Fantasma|Призрак|幽靈|幽霊|유령
Succubus Banner|Estandarte de súcubo|Bannière des succubes|Sukkubus-Banner|Estandarte de Súcubo|Знамя суккубов|魅魔旗幟|サキュバスの旗|서큐버스 깃발
Mourning Veil|Velo de luto|Voile de deuil|Trauerschleier|Véu de Luto|Траурная вуаль|哀悼之紗|喪のヴェール|애도의 면사포
Whispering Blade|Hoja susurrante|Lame murmurante|Flüsternde Klinge|Lâmina Sussurrante|Шепчущий клинок|低語之刃|囁く刃|속삭이는 칼날
Arrogance Ghost|Fantasma de la soberbia|Fantôme de l'orgueil|Geist des Hochmuts|Fantasma da Soberba|Призрак гордыни|傲慢幽靈|傲慢の幽霊|오만의 유령
Envy Ghost|Fantasma de la envidia|Fantôme de l'envie|Geist des Neids|Fantasma da Inveja|Призрак зависти|嫉妒幽靈|嫉妬の幽霊|질투의 유령
Gluttony Ghost|Fantasma de la gula|Fantôme de la gourmandise|Geist der Völlerei|Fantasma da Gula|Призрак чревоугодия|暴食幽靈|暴食の幽霊|폭식의 유령
Greed Ghost|Fantasma de la avaricia|Fantôme de l'avarice|Geist der Gier|Fantasma da Ganância|Призрак алчности|貪婪幽靈|強欲の幽霊|탐욕의 유령
Lust Ghost|Fantasma de la lujuria|Fantôme de la luxure|Geist der Wollust|Fantasma da Luxúria|Призрак похоти|色慾幽靈|色欲の幽霊|색욕의 유령
Sloth Ghost|Fantasma de la pereza|Fantôme de la paresse|Geist der Trägheit|Fantasma da Preguiça|Призрак лени|懶惰幽靈|怠惰の幽霊|나태의 유령
Wrath Ghost|Fantasma de la ira|Fantôme de la colère|Geist des Zorns|Fantasma da Ira|Призрак гнева|憤怒幽靈|憤怒の幽霊|분노의 유령
Chaos Creation|Creación del caos|Création du chaos|Chaosgeburt|Criação do Caos|Порождение хаоса|混沌造物|混沌の創造物|혼돈의 창조물
Demon Pioneer|Pionero demoníaco|Pionnier démoniaque|Dämonischer Pionier|Pioneiro Demoníaco|Демонический первопроходец|惡魔先鋒|悪魔の先駆者|악마 선구자
Incubus Butcher|Carnicero íncubo|Boucher incube|Inkubus-Schlächter|Açougueiro Íncubo|Мясник-инкуб|夢魔屠夫|インキュバスの屠殺者|인큐버스 도살자
Succbus Torturer|Torturadora súcubo|Tortionnaire succube|Sukkubus-Folterin|Torturadora Súcubo|Истязательница-суккуб|魅魔拷問者|サキュバスの拷問者|서큐버스 고문관
Abyss Princess|Princesa del abismo|Princesse des abysses|Prinzessin des Abgrunds|Princesa do Abismo|Принцесса бездны|深淵公主|深淵の姫|심연의 공주
Endless Shadow|Sombra interminable|Ombre sans fin|Endloser Schatten|Sombra Infindável|Бесконечная тень|無盡暗影|無限の影|끝없는 그림자
Shadow Warrior|Guerrero de las sombras|Guerrier des ombres|Schattenkrieger|Guerreiro das Sombras|Воин тени|暗影戰士|影の戦士|그림자 전사
Psionic Burst|Estallido psiónico|Explosion psionique|Psionischer Ausbruch|Explosão Psiônica|Псионический всплеск|靈能爆發|サイオニックバースト|사이오닉 폭발
Abyss Crown|Corona del abismo|Couronne des abysses|Krone des Abgrunds|Coroa do Abismo|Корона бездны|深淵王冠|深淵の冠|심연의 왕관
Demon Blood|Sangre demoníaca|Sang démoniaque|Dämonenblut|Sangue Demoníaco|Кровь демона|惡魔之血|悪魔の血|악마의 피
Desire Crystal|Cristal del deseo|Cristal du désir|Kristall der Begierde|Cristal do Desejo|Кристалл желания|慾望水晶|欲望の結晶|욕망의 수정
Flare Ribbon|Cinta llameante|Ruban flamboyant|Flammenband|Fita Flamejante|Пламенная лента|烈焰緞帶|炎のリボン|화염 리본
Flesh Ring|Anillo de carne|Anneau de chair|Fleischring|Anel de Carne|Кольцо плоти|血肉指環|肉の指輪|살점 반지
Mutant Elixirs|Elixires mutantes|Élixirs mutants|Mutationselixiere|Elixires Mutantes|Мутационные эликсиры|變異靈藥|変異の霊薬|변이 영약
Mutated|Mutado|Muté|Mutiert|Mutado|Мутировавший|變異|変異|변이
Nether Blossom|Flor del inframundo|Fleur du monde inférieur|Unterweltblüte|Flor do Submundo|Цветок преисподней|冥界之花|冥界の花|명계의 꽃
Obsessing Aromatherapy|Aromaterapia obsesiva|Aromathérapie obsédante|Besessenheitsaromatherapie|Aromaterapia Obsessiva|Навязчивая ароматерапия|執念芳療|執着の芳香療法|집착의 아로마 요법
Poison Serum|Suero venenoso|Sérum empoisonné|Giftserum|Soro Venenoso|Ядовитая сыворотка|毒液血清|毒の血清|독성 혈청
Profane Crossbow|Ballesta profana|Arbalète profane|Unheilige Armbrust|Besta Profana|Нечестивый арбалет|褻瀆之弩|冒涜の弩|불경한 석궁
Shadow Cloak|Capa de las sombras|Cape des ombres|Schattenumhang|Manto das Sombras|Плащ теней|暗影披風|影のマント|그림자 망토
Obsession Vault|Cámara de la obsesión|Chambre de l'obsession|Kammer der Besessenheit|Câmara da Obsessão|Хранилище одержимости|執念寶庫|執着の宝物庫|집착의 금고
Spectral Refuge|Refugio espectral|Refuge spectral|Geisterzuflucht|Refúgio Espectral|Призрачное убежище|幽靈庇護所|幽霊の避難所|유령의 안식처
Blood Carnival|Carnaval de sangre|Carnaval sanglant|Blutkarneval|Carnaval de Sangue|Кровавый карнавал|鮮血狂歡|血の謝肉祭|피의 축제
Cubus Spike|Clavo de Cubus|Clou de Cubus|Cubus-Nagel|Prego de Cubus|Шип Кубуса|夢魔道釘|夢魔のスパイク|큐버스 스파이크
Dangerous Game|Juego peligroso|Jeu dangereux|Gefährliches Spiel|Jogo Perigoso|Опасная игра|危險遊戲|危険な遊戯|위험한 게임
Dark Fury|Furia oscura|Fureur sombre|Dunkle Wut|Fúria Sombria|Тёмная ярость|黑暗狂怒|闇の怒り|어둠의 격노
Dark Pact|Pacto oscuro|Pacte sombre|Dunkler Pakt|Pacto Sombrio|Тёмный договор|黑暗契約|闇の契約|어둠의 계약
Depression Whisper|Susurro de abatimiento|Murmure d'abattement|Flüstern der Verzweiflung|Sussurro de Desânimo|Шёпот уныния|消沉低語|憂鬱の囁き|우울의 속삭임
Dread Shot|Disparo aterrador|Tir effroyable|Schreckensschuss|Disparo de Pavor|Ужасающий выстрел|恐懼射擊|恐怖の一撃|공포의 사격
Flogging|Azotes|Flagellation|Auspeitschung|Açoitamento|Порка|鞭笞|鞭打ち|채찍질
For the Queen|Por la reina|Pour la reine|Für die Königin|Pela Rainha|За королеву|為了女王|女王のために|여왕을 위하여
Illusion Twins|Gemelos ilusorios|Jumeaux illusoires|Illusionszwillinge|Gêmeos Ilusórios|Иллюзорные близнецы|幻象雙生|幻影の双子|환상의 쌍둥이
Inception|Implantación|Implantation|Einpflanzung|Implantação|Внедрение|植入|植え付け|주입
Insanity Reach|Alcance de la locura|Emprise de la folie|Griff des Wahnsinns|Alcance da Insanidade|Прикосновение безумия|瘋狂之觸|狂気の手|광기의 손길
Mind Burning|Mente en llamas|Esprit en flammes|Geistbrand|Mente em Chamas|Горящий разум|心靈灼燒|精神の炎|정신 연소
Mind Domination|Dominación mental|Domination mentale|Gedankenkontrolle|Dominação Mental|Подчинение разума|心靈支配|精神支配|정신 지배
Obsessing Spark|Chispa obsesiva|Étincelle obsédante|Besessenheitsfunke|Centelha Obsessiva|Искра одержимости|執念火花|執着の火花|집착의 불꽃
Pain And Pleasure|Dolor y placer|Douleur et plaisir|Schmerz und Lust|Dor e Prazer|Боль и наслаждение|痛苦與歡愉|苦痛と快楽|고통과 쾌락
Paradox Tome|Tomo de la paradoja|Grimoire du paradoxe|Paradoxes Buch|Tomo do Paradoxo|Книга парадокса|悖論之書|逆説の書|역설의 고서
Piercing Shriek|Grito penetrante|Cri perçant|Durchdringender Schrei|Grito Perfurante|Пронзительный крик|刺耳尖嘯|貫く絶叫|꿰뚫는 비명
Plague Boost|Impulso de la plaga|Renfort de peste|Seuchenverstärkung|Impulso da Praga|Усиление чумы|瘟疫增幅|疫病の増幅|역병 증폭
Power Siphon|Sifón de poder|Siphon de puissance|Kraftentzug|Sifão de Poder|Поглощение силы|力量虹吸|力の吸収|힘 흡수
Profane Ascending|Ascenso profano|Ascension profane|Unheiliger Aufstieg|Ascensão Profana|Нечестивое вознесение|褻瀆飛升|冒涜の上昇|불경한 상승
Shadow Embrace|Abrazo de las sombras|Étreinte des ombres|Schattenumarmung|Abraço das Sombras|Объятия теней|暗影擁抱|影の抱擁|그림자의 포옹
Vitality Extraction|Extracción de vitalidad|Extraction de vitalité|Vitalitätsentzug|Extração de Vitalidade|Извлечение жизненной силы|生命汲取|生命力の抽出|생명력 추출
Frantic|Frenesí|Frénésie|Raserei|Frenesi|Неистовство|狂亂|狂乱|광란
Psionic|Psiónico|Psionique|Psionik|Psiônico|Псионика|靈能|サイオニック|사이오닉
Accursed|Maldito|Maudit|Verflucht|Amaldiçoado|Проклятие|詛咒|呪い|저주
Ghosts|Fantasmas|Fantômes|Geister|Fantasmas|Призраки|幽靈|幽霊|유령
