2|Añade {0} <b>$Spark</b> a tu mano.|Ajoutez {0} <b>$Spark</b> à votre main.|Füge deiner Hand {0} <b>$Spark</b> hinzu.|Adicione {0} <b>$Spark</b> à sua mão.|Добавляет {0} <b>$Spark</b> в руку.|將 {0} 張<b>$Spark</b>加入手牌。|手札に<b>$Spark</b>を{0}枚加える。|손에 <b>$Spark</b> {0}장을 추가합니다.
3|Todas las unidades aliadas obtienen +{0}{1} y +{2}{3}. <b>$Burst {4}</b>: roba 1 carta y gana 1{5}.|Toutes les unités alliées gagnent +{0}{1} et +{2}{3}. <b>$Burst {4}</b> : piochez 1 carte et gagnez 1{5}.|Alle verbündeten Einheiten erhalten +{0}{1} und +{2}{3}. <b>$Burst {4}</b>: Ziehe 1 Karte und erhalte 1{5}.|Todas as unidades aliadas ganham +{0}{1} e +{2}{3}. <b>$Burst {4}</b>: compre 1 carta e ganhe 1{5}.|Все союзники получают +{0}{1} и +{2}{3}. <b>$Burst {4}</b>: берёт 1 карту и даёт 1{5}.|所有友方單位獲得 +{0}{1} 與 +{2}{3}。<b>$Burst {4}</b>：抽 1 張牌並獲得 1{5}。|味方全員に+{0}{1}と+{2}{3}。<b>$Burst {4}</b>：カードを1枚引き、1{5}を得る。|모든 아군이 +{0}{1} 및 +{2}{3}을 얻습니다. <b>$Burst {4}</b>: 카드 1장을 뽑고 1{5}을 얻습니다.
4|<b>$Burst 2</b>: reaparece con toda la vida y obtiene {0} 1.|<b>$Burst 2</b> : réapparaît avec toute sa santé et gagne {0} 1.|<b>$Burst 2</b>: Erscheint mit voller Gesundheit erneut und erhält {0} 1.|<b>$Burst 2</b>: reaparece com a vida cheia e ganha {0} 1.|<b>$Burst 2</b>: возвращается с полным здоровьем и получает {0} 1.|<b>$Burst 2</b>：以滿生命值重生並獲得 {0} 1。|<b>$Burst 2</b>：最大体力で復活し、{0} 1を得る。|<b>$Burst 2</b>: 최대 체력으로 부활하고 {0} 1을 얻습니다.
7|Obtiene +{0}{1} y +{2}{3}. <b>$Burst {4}</b>: obtiene {5} {6} y {7} {8}.|Gagne +{0}{1} et +{2}{3}. <b>$Burst {4}</b> : gagne {5} {6} et {7} {8}.|Erhält +{0}{1} und +{2}{3}. <b>$Burst {4}</b>: Erhält {5} {6} und {7} {8}.|Ganha +{0}{1} e +{2}{3}. <b>$Burst {4}</b>: ganha {5} {6} e {7} {8}.|Получает +{0}{1} и +{2}{3}. <b>$Burst {4}</b>: получает {5} {6} и {7} {8}.|獲得 +{0}{1} 與 +{2}{3}。<b>$Burst {4}</b>：獲得 {5} {6} 與 {7} {8}。|+{0}{1}と+{2}{3}を得る。<b>$Burst {4}</b>：{5} {6}と{7} {8}を得る。|+{0}{1} 및 +{2}{3}을 얻습니다. <b>$Burst {4}</b>: {5} {6} 및 {7} {8}을 얻습니다.
8|Obtiene <b>{0} {1}</b>.|Gagne <b>{0} {1}</b>.|Erhält <b>{0} {1}</b>.|Ganha <b>{0} {1}</b>.|Получает <b>{0} {1}</b>.|獲得 <b>{0} {1}</b>。|<b>{0} {1}</b>を得る。|<b>{0} {1}</b>을 얻습니다.
19|Otorga +{0}{1} a las unidades aliadas y enemigas de este piso.|Applique +{0}{1} aux unités alliées et ennemies de cet étage.|Verleiht verbündeten und feindlichen Einheiten auf dieser Etage +{0}{1}.|Concede +{0}{1} às unidades aliadas e inimigas neste andar.|Даёт +{0}{1} союзникам и врагам на этом этаже.|此樓層的友方與敵方單位獲得 +{0}{1}。|この階の味方と敵全員に+{0}{1}を付与する。|이 층의 아군과 적에게 +{0}{1}을 부여합니다.
20|Añade 1 <b>$Spark</b> con {0} a tu mano. +{1}{2}.|Ajoutez 1 <b>$Spark</b> avec {0} à votre main. +{1}{2}.|Füge deiner Hand 1 <b>$Spark</b> mit {0} hinzu. +{1}{2}.|Adicione 1 <b>$Spark</b> com {0} à sua mão. +{1}{2}.|Добавляет в руку 1 <b>$Spark</b> с {0}. +{1}{2}.|將 1 張帶有 {0} 的<b>$Spark</b>加入手牌。+{1}{2}。|{0}付きの<b>$Spark</b>を1枚手札に加える。+{1}{2}。|{0}가 있는 <b>$Spark</b> 1장을 손에 추가합니다. +{1}{2}.
21|Obtiene +{0}{1} y {2} {3}.|Gagne +{0}{1} et {2} {3}.|Erhält +{0}{1} und {2} {3}.|Ganha +{0}{1} e {2} {3}.|Получает +{0}{1} и {2} {3}.|獲得 +{0}{1} 與 {2} {3}。|+{0}{1}と{2} {3}を得る。|+{0}{1} 및 {2} {3}을 얻습니다.
22|Otorga <b>{0} {1}</b> y +{2}{3} a las unidades enemigas de este piso.|Applique <b>{0} {1}</b> et +{2}{3} aux unités ennemies de cet étage.|Verleiht feindlichen Einheiten auf dieser Etage <b>{0} {1}</b> und +{2}{3}.|Aplica <b>{0} {1}</b> e +{2}{3} às unidades inimigas neste andar.|Даёт врагам на этом этаже <b>{0} {1}</b> и +{2}{3}.|此樓層的敵方單位獲得 <b>{0} {1}</b> 與 +{2}{3}。|この階の敵全員に<b>{0} {1}</b>と+{2}{3}を付与する。|이 층의 적에게 <b>{0} {1}</b> 및 +{2}{3}을 부여합니다.
33|Como clan principal|Comme clan principal|Als Hauptclan|Como clã principal|Как основной клан|作為主氏族|メインクランとして|주 클랜으로 선택
34|Como clan aliado|Comme clan allié|Als verbündeter Clan|Como clã aliado|Как союзный клан|作為盟友氏族|サブクランとして|보조 클랜으로 선택
38|Obtén una unidad de súcubo|Obtenez une unité succube|Erhalte eine Sukkubus-Einheit|Obtenha uma unidade de Súcubo|Получить отряд суккубов|獲得一個魅魔單位|サキュバスユニットを獲得|서큐버스 유닛 획득
39|Elección de unidad de súcubo|Choix d'une unité succube|Sukkubus-Einheit auswählen|Escolha de unidade de Súcubo|Выбор отряда суккубов|魅魔單位獎勵選擇|サキュバスユニットの報酬選択|서큐버스 유닛 보상 선택
40|¡Elige una carta!|Choisissez une carte !|Wähle eine Karte!|Escolha uma carta!|Выберите карту!|選擇一張牌！|カードを選択！|카드를 선택하세요!
42|Recupera {0} de vida.|Restaure {0} points de santé.|Stellt {0} Gesundheit wieder her.|Restaura {0} de vida.|Восстанавливает {0} здоровья.|恢復 {0} 點生命值。|体力を{0}回復する。|체력을 {0} 회복합니다.
44|Obtiene {0} {1}.|Gagne {0} {1}.|Erhält {0} {1}.|Ganha {0} {1}.|Получает {0} {1}.|獲得 {0} {1}。|{0} {1}を得る。|{0} {1}을 얻습니다.
60|<b>Represalia</b>: otorga <b>{0} 1</b> a la unidad enemiga atacante.|<b>Vengeance</b> : applique <b>{0} 1</b> à l'unité ennemie attaquante.|<b>Vergeltung</b>: Verleiht der angreifenden feindlichen Einheit <b>{0} 1</b>.|<b>Vingança</b>: aplica <b>{0} 1</b> à unidade inimiga atacante.|<b>Возмездие</b>: даёт атакующему врагу <b>{0} 1</b>.|<b>復仇</b>：對攻擊者施加 <b>{0} 1</b>。|<b>リベンジ</b>：攻撃してきた敵に<b>{0} 1</b>を付与する。|<b>복수</b>: 공격한 적에게 <b>{0} 1</b>을 부여합니다.
62|+{0}{1}. <b>$Accursed</b>: +1{2} y +3{3}. +1{4} y +1{5} permanentemente.|+{0}{1}. <b>$Accursed</b> : +1{2} et +3{3}. +1{4} et +1{5} de façon permanente.|+{0}{1}. <b>$Accursed</b>: +1{2} und +3{3}. Dauerhaft +1{4} und +1{5}.|+{0}{1}. <b>$Accursed</b>: +1{2} e +3{3}. +1{4} e +1{5} permanentemente.|+{0}{1}. <b>$Accursed</b>: +1{2} и +3{3}. Навсегда +1{4} и +1{5}.|+{0}{1}。<b>$Accursed</b>：+1{2} 與 +3{3}。永久 +1{4} 與 +1{5}。|+{0}{1}。<b>$Accursed</b>：+1{2}と+3{3}。永続的に+1{4}と+1{5}。|+{0}{1}. <b>$Accursed</b>: +1{2} 및 +3{3}. 영구적으로 +1{4} 및 +1{5}.
64|Cuesta +2{0}. {1}.|Coûte +2{0}. {1}.|Kostet +2{0}. {1}.|Custa +2{0}. {1}.|Стоимость +2{0}. {1}.|費用 +2{0}。{1}。|コスト+2{0}。{1}。|비용 +2{0}. {1}.
66|-10{0}. <b>Golpe</b>: otorga {1} 1 a la unidad atacada.|-10{0}. <b>Frappe</b> : applique {1} 1 à l'unité attaquée.|-10{0}. <b>Schlag</b>: Verleiht der angegriffenen Einheit {1} 1.|-10{0}. <b>Golpe</b>: aplica {1} 1 à unidade atacada.|-10{0}. <b>Удар</b>: даёт атакованной цели {1} 1.|-10{0}。<b>打擊</b>：對受攻擊單位施加 {1} 1。|-10{0}。<b>ストライク</b>：攻撃対象に{1} 1を付与する。|-10{0}. <b>타격</b>: 공격 대상에게 {1} 1을 부여합니다.
70|-5{0}. Al comienzo del turno, inflige daño igual a su {1} a las unidades enemigas.|-5{0}. Au début du tour, inflige aux unités ennemies des dégâts égaux à son {1}.|-5{0}. Fügt feindlichen Einheiten zu Zugbeginn Schaden in Höhe des eigenen {1} zu.|-5{0}. No início do turno, causa às unidades inimigas dano igual ao seu {1}.|-5{0}. В начале хода наносит врагам урон, равный своей {1}.|-5{0}。回合開始時，對敵方單位造成等同自身 {1} 的傷害。|-5{0}。ターン開始時、自身の{1}に等しいダメージを敵全員に与える。|-5{0}. 턴 시작 시 적에게 자신의 {1}만큼 피해를 줍니다.
72|<b>Golpe</b>: obtiene {0} 3 y otorga {1} y <b>{2}</b> a las unidades enemigas.|<b>Frappe</b> : gagne {0} 3 et applique {1} et <b>{2}</b> aux unités ennemies.|<b>Schlag</b>: Erhält {0} 3 und verleiht feindlichen Einheiten {1} und <b>{2}</b>.|<b>Golpe</b>: ganha {0} 3 e aplica {1} e <b>{2}</b> às unidades inimigas.|<b>Удар</b>: получает {0} 3 и даёт врагам {1} и <b>{2}</b>.|<b>打擊</b>：獲得 {0} 3，並對敵方單位施加 {1} 與 <b>{2}</b>。|<b>ストライク</b>：{0} 3を得て、敵全員に{1}と<b>{2}</b>を付与する。|<b>타격</b>: {0} 3을 얻고 적에게 {1} 및 <b>{2}</b>을 부여합니다.
76|<b>$Accursed</b>: +1{0} permanentemente.|<b>$Accursed</b> : +1{0} de façon permanente.|<b>$Accursed</b>: Dauerhaft +1{0}.|<b>$Accursed</b>: +1{0} permanentemente.|<b>$Accursed</b>: навсегда +1{0}.|<b>$Accursed</b>：永久 +1{0}。|<b>$Accursed</b>：永続的に+1{0}。|<b>$Accursed</b>: 영구적으로 +1{0}.
77|Añade {0} <b>$Spark</b> con {1} a tu mano.|Ajoutez {0} <b>$Spark</b> avec {1} à votre main.|Füge deiner Hand {0} <b>$Spark</b> mit {1} hinzu.|Adicione {0} <b>$Spark</b> com {1} à sua mão.|Добавляет в руку {0} <b>$Spark</b> с {1}.|將 {0} 張帶有 {1} 的<b>$Spark</b>加入手牌。|{1}付きの<b>$Spark</b>を{0}枚手札に加える。|{1}가 있는 <b>$Spark</b> {0}장을 손에 추가합니다.
78|Gana {0}{1} y roba {2} cartas adicionales el próximo turno.|Gagnez {0}{1} et piochez {2} cartes supplémentaires au prochain tour.|Erhalte {0}{1} und ziehe im nächsten Zug {2} zusätzliche Karten.|Ganhe {0}{1} e compre {2} cartas extras no próximo turno.|Даёт {0}{1} и {2} дополнительные карты в следующем ходу.|獲得 {0}{1}，下回合額外抽 {2} 張牌。|{0}{1}を得て、次のターンに追加で{2}枚引く。|{0}{1}을 얻고 다음 턴에 카드를 {2}장 더 뽑습니다.
79|Otorga <b>{0} {1}</b> a la unidad enemiga atacante.|Applique <b>{0} {1}</b> à l'unité ennemie attaquante.|Verleiht der angreifenden feindlichen Einheit <b>{0} {1}</b>.|Aplica <b>{0} {1}</b> à unidade inimiga atacante.|Даёт атакующему врагу <b>{0} {1}</b>.|對攻擊者施加 <b>{0} {1}</b>。|攻撃してきた敵に<b>{0} {1}</b>を付与する。|공격한 적에게 <b>{0} {1}</b>을 부여합니다.
80|+{0}{1} permanentemente.|+{0}{1} de façon permanente.|Dauerhaft +{0}{1}.|+{0}{1} permanentemente.|Навсегда +{0}{1}.|永久 +{0}{1}。|永続的に+{0}{1}。|영구적으로 +{0}{1}.
82|Consume <b>$Psionic</b> para activar un efecto adicional.|Consomme <b>$Psionic</b> pour déclencher un effet supplémentaire.|Verbraucht <b>$Psionic</b>, um einen zusätzlichen Effekt auszulösen.|Consome <b>$Psionic</b> para ativar um efeito adicional.|Расходует <b>$Psionic</b> для дополнительного эффекта.|消耗<b>$Psionic</b>以觸發額外效果。|<b>$Psionic</b>を消費して追加効果を発動する。|<b>$Psionic</b>을 소모해 추가 효과를 발동합니다.
84|Cada vez que se aplica <b>{1}</b>, aplica {0} cargas adicionales.|Chaque application de <b>{1}</b> ajoute {0} charges supplémentaires.|Jede Anwendung von <b>{1}</b> fügt {0} zusätzliche Stapel hinzu.|Cada aplicação de <b>{1}</b> adiciona {0} acúmulos extras.|Каждое наложение <b>{1}</b> добавляет ещё {0} зарядов.|每次施加<b>{1}</b>時，額外施加 {0} 層。|<b>{1}</b>を付与するたびに、追加で{0}スタック付与する。|<b>{1}</b>을 부여할 때마다 {0}중첩을 추가로 부여합니다.
86|Jugar una <b>Ruina</b> o <b>Azote</b> inflige {0} de daño a una unidad enemiga aleatoria.|Jouer un <b>Fléau</b> ou une <b>Calamité</b> inflige {0} dégâts à une unité ennemie aléatoire.|Das Spielen von <b>Fluch</b> oder <b>Plage</b> fügt einer zufälligen feindlichen Einheit {0} Schaden zu.|Jogar uma <b>Praga</b> ou <b>Flagelo</b> causa {0} de dano a uma unidade inimiga aleatória.|Розыгрыш <b>Порчи</b> или <b>Проклятия</b> наносит {0} урона случайному врагу.|打出<b>禍害</b>或<b>災禍</b>牌時，對隨機敵方單位造成 {0} 點傷害。|<b>荒廃</b>か<b>災厄</b>をプレイすると、ランダムな敵に{0}ダメージを与える。|<b>저주</b> 또는 <b>재앙</b> 카드를 사용하면 무작위 적에게 {0}의 피해를 줍니다.
88|El primer <b>$Ghost</b> que invocas cada turno te hace robar 1 carta y ganar 1{0}.|Le premier <b>$Ghost</b> invoqué chaque tour vous fait piocher 1 carte et gagner 1{0}.|Der erste <b>$Ghost</b>, den du in jedem Zug beschwörst, lässt dich 1 Karte ziehen und gibt dir 1{0}.|O primeiro <b>$Ghost</b> invocado a cada turno faz você comprar 1 carta e ganhar 1{0}.|Первый призванный за ход <b>$Ghost</b> даёт 1 карту и 1{0}.|每回合召喚的第一個<b>$Ghost</b>使你抽 1 張牌並獲得 1{0}。|各ターン最初に召喚した<b>$Ghost</b>で、カードを1枚引き1{0}を得る。|매 턴 처음 소환한 <b>$Ghost</b>이 카드 1장을 뽑고 1{0}을 얻도록 합니다.
90|Gana {0} {1} cuando tu Pira recibe un ataque.|Gagnez {0} {1} lorsque votre Brasier est attaqué.|Erhalte {0} {1}, wenn deine Höllenglut angegriffen wird.|Ganhe {0} {1} quando sua Pira for atacada.|Даёт {0} {1}, когда атакуют Пекло.|薪火受到攻擊時，獲得 {0} {1}。|パイアが攻撃されると{0} {1}を得る。|화로가 공격받으면 {0} {1}을 얻습니다.
92|La primera <b>Ruina</b> que juegas cada turno te hace robar {0} cartas.|Le premier <b>Fléau</b> joué chaque tour vous fait piocher {0} cartes.|Der erste <b>Fluch</b>, den du in jedem Zug spielst, lässt dich {0} Karten ziehen.|A primeira <b>Praga</b> jogada a cada turno faz você comprar {0} cartas.|Первая <b>Порча</b>, сыгранная за ход, даёт {0} карт.|每回合打出的第一張<b>禍害</b>牌使你抽 {0} 張牌。|各ターン最初にプレイした<b>荒廃</b>で、カードを{0}枚引く。|매 턴 처음 사용한 <b>저주</b> 카드로 카드를 {0}장 뽑습니다.
94|Al comienzo de cada turno, una unidad aliada aleatoria queda <b>$Mutated</b> y obtiene {0} 1. La unidad <b>$Mutated</b> anterior pierde esa bonificación.|Au début de chaque tour, une unité alliée aléatoire devient <b>$Mutated</b> et gagne {0} 1. L'unité précédemment <b>$Mutated</b> perd ce bonus.|Zu Beginn jedes Zuges wird eine zufällige verbündete Einheit <b>$Mutated</b> und erhält {0} 1. Die zuvor <b>$Mutated</b> markierte Einheit verliert den Bonus.|No início de cada turno, uma unidade aliada aleatória fica <b>$Mutated</b> e ganha {0} 1. A unidade anteriormente <b>$Mutated</b> perde esse bônus.|В начале каждого хода случайный союзник получает <b>$Mutated</b> и {0} 1. Предыдущий носитель <b>$Mutated</b> теряет бонус.|每回合開始時，隨機友方單位獲得<b>$Mutated</b>及 {0} 1。先前<b>$Mutated</b>的單位失去此加成。|各ターン開始時、ランダムな味方が<b>$Mutated</b>し{0} 1を得る。前に<b>$Mutated</b>したユニットはこのボーナスを失う。|매 턴 시작 시 무작위 아군이 <b>$Mutated</b> 상태가 되고 {0} 1을 얻습니다. 이전 <b>$Mutated</b> 유닛은 해당 보너스를 잃습니다.
96|Esta unidad ha mutado por $Elixirs este turno.|Cette unité a muté à cause de $Elixirs ce tour.|Diese Einheit wurde in diesem Zug durch $Elixirs mutiert.|Esta unidade sofreu mutação por $Elixirs neste turno.|Этот отряд мутировал из-за $Elixirs в этом ходу.|此單位本回合因$Elixirs而變異。|このターン、$Elixirsで変異したユニット。|이번 턴에 $Elixirs으로 변이한 유닛입니다.
97|Ha mutado por $Elixirs. Pierde su bonificación al comienzo de tu próximo turno.|Muté par $Elixirs. Perd son bonus au début de votre prochain tour.|Durch $Elixirs mutiert. Verliert den Bonus zu Beginn deines nächsten Zuges.|Sofreu mutação por $Elixirs. Perde seu bônus no início do seu próximo turno.|Мутировал из-за $Elixirs. Теряет бонус в начале вашего следующего хода.|因$Elixirs而變異。在你的下回合開始時失去加成。|$Elixirsで変異。次の自分のターン開始時にボーナスを失う。|$Elixirs으로 변이했습니다. 다음 턴 시작 시 보너스를 잃습니다.
100|Cuando una unidad recibe <b>{0}</b>, también recibe {1} {2}.|Lorsqu'une unité reçoit <b>{0}</b>, applique aussi {1} {2}.|Wenn eine Einheit <b>{0}</b> erhält, erhält sie auch {1} {2}.|Quando uma unidade recebe <b>{0}</b>, também recebe {1} {2}.|При наложении <b>{0}</b> отряд также получает {1} {2}.|對單位施加<b>{0}</b>時，也施加 {1} {2}。|ユニットに<b>{0}</b>を付与すると、{1} {2}も付与する。|유닛에게 <b>{0}</b>을 부여하면 {1} {2}도 부여합니다.
102|Las unidades enemigas obtienen <b>{0} {1}</b> al entrar en el tren.|Les unités ennemies gagnent <b>{0} {1}</b> en entrant dans le train.|Feindliche Einheiten erhalten beim Betreten des Zuges <b>{0} {1}</b>.|As unidades inimigas ganham <b>{0} {1}</b> ao entrar no trem.|Враги получают <b>{0} {1}</b> при входе в поезд.|敵方單位進入列車時獲得 <b>{0} {1}</b>。|敵ユニットは列車に入ると<b>{0} {1}</b>を得る。|적은 열차에 들어올 때 <b>{0} {1}</b>을 얻습니다.
104|Roba {0} cartas adicionales cada turno. Al comienzo de cada turno, añade 1 <b>$Spark</b> a tu mano.|Piochez {0} cartes supplémentaires chaque tour. Au début de chaque tour, ajoutez 1 <b>$Spark</b> à votre main.|Ziehe in jedem Zug {0} zusätzliche Karten. Füge deiner Hand zu Beginn jedes Zuges 1 <b>$Spark</b> hinzu.|Compre {0} cartas extras a cada turno. No início de cada turno, adicione 1 <b>$Spark</b> à sua mão.|Каждый ход даёт {0} дополнительных карт. В начале каждого хода добавляет в руку 1 <b>$Spark</b>.|每回合額外抽 {0} 張牌。每回合開始時，將 1 張<b>$Spark</b>加入手牌。|各ターンに追加で{0}枚引く。各ターン開始時、手札に<b>$Spark</b>を1枚加える。|매 턴 카드를 {0}장 더 뽑습니다. 매 턴 시작 시 손에 <b>$Spark</b> 1장을 추가합니다.
106|Al comienzo de cada turno, inflige 30 de daño a la unidad enemiga delantera de cada piso.|Au début de chaque tour, inflige 30 dégâts à l'unité ennemie en première ligne de chaque étage.|Fügt zu Beginn jedes Zuges der vordersten feindlichen Einheit auf jeder Etage 30 Schaden zu.|No início de cada turno, causa 30 de dano à unidade inimiga da frente de cada andar.|В начале каждого хода наносит 30 урона переднему врагу на каждом этаже.|每回合開始時，對每個樓層最前方的敵方單位造成 30 點傷害。|各ターン開始時、各階の最前列の敵に30ダメージを与える。|매 턴 시작 시 각 층의 맨 앞 적에게 피해를 30 줍니다.
108|Las habilidades <b>$Accursed</b> se activan {0} veces adicionales.|Les capacités <b>$Accursed</b> se déclenchent {0} fois de plus.|<b>$Accursed</b>-Fähigkeiten werden {0} zusätzliche Male ausgelöst.|Habilidades <b>$Accursed</b> são ativadas {0} vezes adicionais.|Способности <b>$Accursed</b> срабатывают ещё {0} раз.|<b>$Accursed</b>能力額外觸發 {0} 次。|<b>$Accursed</b>の能力が追加で{0}回発動する。|<b>$Accursed</b> 능력이 {0}회 추가로 발동합니다.
110|Al comienzo de cada turno, añade 1 <b>$Spark</b> a tu mano.|Au début de chaque tour, ajoutez 1 <b>$Spark</b> à votre main.|Füge deiner Hand zu Beginn jedes Zuges 1 <b>$Spark</b> hinzu.|No início de cada turno, adicione 1 <b>$Spark</b> à sua mão.|В начале каждого хода добавляет в руку 1 <b>$Spark</b>.|每回合開始時，將 1 張<b>$Spark</b>加入手牌。|各ターン開始時、手札に<b>$Spark</b>を1枚加える。|매 턴 시작 시 손에 <b>$Spark</b> 1장을 추가합니다.
112|Al comienzo de cada turno, los <b>$Ghosts</b> aliados de este piso obtienen +5{0} y {1} 2.|Au début de chaque tour, les <b>$Ghosts</b> alliés de cet étage gagnent +5{0} et {1} 2.|Zu Beginn jedes Zuges erhalten verbündete <b>$Ghosts</b> auf dieser Etage +5{0} und {1} 2.|No início de cada turno, os <b>$Ghosts</b> aliados neste andar ganham +5{0} e {1} 2.|В начале каждого хода союзные <b>$Ghosts</b> на этом этаже получают +5{0} и {1} 2.|每回合開始時，此樓層的友方<b>$Ghosts</b>獲得 +5{0} 與 {1} 2。|各ターン開始時、この階の味方の<b>$Ghosts</b>に+5{0}と{1} 2。|매 턴 시작 시 이 층의 아군 <b>$Ghosts</b>이 +5{0} 및 {1} 2를 얻습니다.
114|Otorga +{0}{1} a todas las unidades.|Applique +{0}{1} à toutes les unités.|Verleiht allen Einheiten +{0}{1}.|Concede +{0}{1} a todas as unidades.|Даёт всем отрядам +{0}{1}.|所有單位獲得 +{0}{1}。|全ユニットに+{0}{1}を付与する。|모든 유닛에게 +{0}{1}을 부여합니다.
116|Otorga <b>{0} X</b> a todas las unidades enemigas de este piso, excepto a los jefes.|Applique <b>{0} X</b> à toutes les unités ennemies de cet étage, sauf aux boss.|Verleiht allen feindlichen Einheiten auf dieser Etage außer Bossen <b>{0} X</b>.|Aplica <b>{0} X</b> a todas as unidades inimigas neste andar, exceto chefes.|Даёт <b>{0} X</b> всем врагам на этом этаже, кроме боссов.|對此樓層所有敵方單位施加 <b>{0} X</b>，首領除外。|この階のボス以外の敵全員に<b>{0} X</b>を付与する。|이 층의 보스를 제외한 모든 적에게 <b>{0} X</b>를 부여합니다.
118|Otorga <b>{0} {1}</b>, +{2}{3} y {4} {5} a las unidades enemigas.|Applique <b>{0} {1}</b>, +{2}{3} et {4} {5} aux unités ennemies.|Verleiht feindlichen Einheiten <b>{0} {1}</b>, +{2}{3} und {4} {5}.|Aplica <b>{0} {1}</b>, +{2}{3} e {4} {5} às unidades inimigas.|Даёт врагам <b>{0} {1}</b>, +{2}{3} и {4} {5}.|對敵方單位施加 <b>{0} {1}</b>、+{2}{3} 與 {4} {5}。|敵全員に<b>{0} {1}</b>、+{2}{3}、{4} {5}を付与する。|적에게 <b>{0} {1}</b>, +{2}{3} 및 {4} {5}를 부여합니다.
120|Las unidades enemigas obtienen +{0}{1} y pierden {2}{3}.|Les unités ennemies gagnent +{0}{1} et perdent {2}{3}.|Feindliche Einheiten erhalten +{0}{1} und verlieren {2}{3}.|As unidades inimigas ganham +{0}{1} e perdem {2}{3}.|Враги получают +{0}{1} и теряют {2}{3}.|敵方單位獲得 +{0}{1} 並失去 {2}{3}。|敵全員が+{0}{1}を得て、{2}{3}を失う。|적이 +{0}{1}을 얻고 {2}{3}을 잃습니다.
122|Mezcla {0} <b>$Spark</b> con {1} en tu mazo. +{2}{3} cada turno.|Mélangez {0} <b>$Spark</b> avec {1} dans votre deck. +{2}{3} chaque tour.|Mische {0} <b>$Spark</b> mit {1} in dein Deck. +{2}{3} in jedem Zug.|Embaralhe {0} <b>$Spark</b> com {1} no seu deck. +{2}{3} a cada turno.|Замешивает в колоду {0} <b>$Spark</b> с {1}. +{2}{3} каждый ход.|將 {0} 張帶有 {1} 的<b>$Spark</b>洗入牌庫。每回合 +{2}{3}。|{1}付きの<b>$Spark</b>を{0}枚山札に混ぜる。毎ターン+{2}{3}。|{1}가 있는 <b>$Spark</b> {0}장을 덱에 섞습니다. 매 턴 +{2}{3}.
124|Elimina todos los <b>efectos beneficiosos</b> de las unidades enemigas y duplica sus <b>efectos perjudiciales</b>.|Retire tous les <b>effets positifs</b> des unités ennemies et double leurs <b>effets négatifs</b>.|Entfernt alle <b>positiven Effekte</b> von feindlichen Einheiten und verdoppelt ihre <b>negativen Effekte</b>.|Remove todos os <b>efeitos positivos</b> das unidades inimigas e dobra seus <b>efeitos negativos</b>.|Снимает все <b>положительные эффекты</b> с врагов и удваивает их <b>отрицательные эффекты</b>.|移除敵方單位所有<b>增益</b>，並使其<b>減益</b>層數加倍。|敵全員の<b>強化効果</b>をすべて解除し、<b>弱体効果</b>を2倍にする。|적의 모든 <b>강화 효과</b>를 제거하고 <b>약화 효과</b>를 두 배로 만듭니다.
126|Inflige {0} de daño a una unidad aliada o enemiga.|Inflige {0} dégâts à une unité alliée ou ennemie.|Fügt einer verbündeten oder feindlichen Einheit {0} Schaden zu.|Causa {0} de dano a uma unidade aliada ou inimiga.|Наносит {0} урона союзнику или врагу.|對一個友方或敵方單位造成 {0} 點傷害。|味方か敵1体に{0}ダメージを与える。|아군 또는 적 하나에게 {0}의 피해를 줍니다.
127|Otorga <b>{0} {1}</b> a las unidades enemigas.|Applique <b>{0} {1}</b> aux unités ennemies.|Verleiht feindlichen Einheiten <b>{0} {1}</b>.|Aplica <b>{0} {1}</b> às unidades inimigas.|Даёт врагам <b>{0} {1}</b>.|對敵方單位施加 <b>{0} {1}</b>。|敵全員に<b>{0} {1}</b>を付与する。|적에게 <b>{0} {1}</b>을 부여합니다.
129|Inflige {0} de daño a todos los enemigos. Mezcla 1 <b>$Spark</b> con {1} en tu mazo.|Inflige {0} dégâts à tous les ennemis. Mélangez 1 <b>$Spark</b> avec {1} dans votre deck.|Fügt allen Feinden {0} Schaden zu. Mische 1 <b>$Spark</b> mit {1} in dein Deck.|Causa {0} de dano a todos os inimigos. Embaralhe 1 <b>$Spark</b> com {1} no seu deck.|Наносит {0} урона всем врагам. Замешивает в колоду 1 <b>$Spark</b> с {1}.|對所有敵人造成 {0} 點傷害。將 1 張帶有 {1} 的<b>$Spark</b>洗入牌庫。|敵全員に{0}ダメージを与える。{1}付きの<b>$Spark</b>を1枚山札に混ぜる。|모든 적에게 {0}의 피해를 줍니다. {1}가 있는 <b>$Spark</b> 1장을 덱에 섞습니다.
131|<b>Sacrifica</b> una unidad aliada. Gana {0}{1}.|<b>Sacrifiez</b> une unité alliée. Gagnez {0}{1}.|<b>Opfere</b> eine verbündete Einheit. Erhalte {0}{1}.|<b>Sacrifique</b> uma unidade aliada. Ganhe {0}{1}.|<b>Приносит в жертву</b> союзника. Даёт {0}{1}.|<b>犧牲</b>一個友方單位。獲得 {0}{1}。|味方1体を<b>生贄</b>にする。{0}{1}を得る。|아군 하나를 <b>희생</b>시킵니다. {0}{1}을 얻습니다.
133|Crea {0} copias de una unidad aliada con {1}.|Crée {0} copies d'une unité alliée avec {1}.|Erstellt {0} Kopien einer verbündeten Einheit mit {1}.|Cria {0} cópias de uma unidade aliada com {1}.|Создаёт {0} копий союзника с {1}.|建立 {0} 個帶有 {1} 的友方單位複製體。|{1}付きの味方のコピーを{0}体作る。|{1}가 있는 아군 복제본을 {0}개 만듭니다.
135|Otorga <b>{0} {1}</b>. Obtiene +{2}{3} y +{4}{5}.|Applique <b>{0} {1}</b>. Gagne +{2}{3} et +{4}{5}.|Verleiht <b>{0} {1}</b>. Erhält +{2}{3} und +{4}{5}.|Concede <b>{0} {1}</b>. Ganha +{2}{3} e +{4}{5}.|Даёт <b>{0} {1}</b>. Получает +{2}{3} и +{4}{5}.|施加 <b>{0} {1}</b>。獲得 +{2}{3} 與 +{4}{5}。|<b>{0} {1}</b>を付与する。+{2}{3}と+{4}{5}を得る。|<b>{0} {1}</b>을 부여합니다. +{2}{3} 및 +{4}{5}를 얻습니다.
137|<b>Asciende</b> a las unidades enemigas de este piso y les otorga +{0}{1} y <b>{2} {3}</b>.|Fait <b>monter</b> les unités ennemies de cet étage et leur applique +{0}{1} et <b>{2} {3}</b>.|Lässt feindliche Einheiten auf dieser Etage <b>aufsteigen</b> und verleiht ihnen +{0}{1} und <b>{2} {3}</b>.|Faz as unidades inimigas neste andar <b>subirem</b> e aplica +{0}{1} e <b>{2} {3}</b>.|<b>Поднимает</b> врагов на этом этаже и даёт им +{0}{1} и <b>{2} {3}</b>.|使此樓層敵方單位<b>上升</b>，並施加 +{0}{1} 與 <b>{2} {3}</b>。|この階の敵全員を<b>上昇</b>させ、+{0}{1}と<b>{2} {3}</b>を付与する。|이 층의 적을 <b>상승</b>시키고 +{0}{1} 및 <b>{2} {3}</b>을 부여합니다.
139|Otorga <b>{0} {1}</b> y {2} {3} a una unidad enemiga.|Applique <b>{0} {1}</b> et {2} {3} à une unité ennemie.|Verleiht einer feindlichen Einheit <b>{0} {1}</b> und {2} {3}.|Aplica <b>{0} {1}</b> e {2} {3} a uma unidade inimiga.|Даёт врагу <b>{0} {1}</b> и {2} {3}.|對一個敵方單位施加 <b>{0} {1}</b> 與 {2} {3}。|敵1体に<b>{0} {1}</b>と{2} {3}を付与する。|적 하나에게 <b>{0} {1}</b> 및 {2} {3}을 부여합니다.
141|<b>Desciende</b> una unidad, le otorga <b>{0} {1}</b> y le cura {2}{3}.|Fait <b>descendre</b> une unité, lui applique <b>{0} {1}</b> et lui restaure {2}{3}.|Lässt eine Einheit <b>absteigen</b>, verleiht ihr <b>{0} {1}</b> und heilt sie um {2}{3}.|Faz uma unidade <b>descer</b>, aplica <b>{0} {1}</b> e cura {2}{3}.|<b>Опускает</b> отряд, даёт ему <b>{0} {1}</b> и исцеляет на {2}{3}.|使一個單位<b>下降</b>，施加 <b>{0} {1}</b> 並治療 {2}{3}。|ユニット1体を<b>下降</b>させ、<b>{0} {1}</b>を付与し{2}{3}回復する。|유닛 하나를 <b>하강</b>시키고 <b>{0} {1}</b>을 부여하며 {2}{3}만큼 회복시킵니다.
143|Tu Pira recibe {0} de daño.|Votre Brasier subit {0} dégâts.|Deine Höllenglut erleidet {0} Schaden.|Sua Pira sofre {0} de dano.|Пекло получает {0} урона.|你的薪火受到 {0} 點傷害。|パイアが{0}ダメージを受ける。|화로가 {0}의 피해를 받습니다.
145|Requiere {0} <b>$Spark</b> en la mano. Descártalas y roba {1} cartas.|Nécessite {0} <b>$Spark</b> en main. Défaussez-les et piochez {1} cartes.|Benötigt {0} <b>$Spark</b> auf der Hand. Wirf sie ab und ziehe {1} Karten.|Requer {0} <b>$Spark</b> na mão. Descarte-as e compre {1} cartas.|Требует {0} <b>$Spark</b> в руке. Сбрасывает их и даёт {1} карт.|需要手牌中有 {0} 張<b>$Spark</b>。棄掉它們並抽 {1} 張牌。|手札に<b>$Spark</b>が{0}枚必要。それらを捨てて{1}枚引く。|손에 <b>$Spark</b> {0}장이 필요합니다. 해당 카드를 버리고 {1}장을 뽑습니다.
147|Otorga {0} a una unidad aliada. Añade {1} <b>$Spark</b> con {2} a tu mano.|Applique {0} à une unité alliée. Ajoutez {1} <b>$Spark</b> avec {2} à votre main.|Verleiht einer verbündeten Einheit {0}. Füge deiner Hand {1} <b>$Spark</b> mit {2} hinzu.|Concede {0} a uma unidade aliada. Adicione {1} <b>$Spark</b> com {2} à sua mão.|Даёт союзнику {0}. Добавляет в руку {1} <b>$Spark</b> с {2}.|對一個友方單位施加 {0}。將 {1} 張帶有 {2} 的<b>$Spark</b>加入手牌。|味方1体に{0}を付与する。{2}付きの<b>$Spark</b>を{1}枚手札に加える。|아군 하나에게 {0}를 부여합니다. {2}가 있는 <b>$Spark</b> {1}장을 손에 추가합니다.
149|Inflige {0} de daño a todas las unidades enemigas.|Inflige {0} dégâts à toutes les unités ennemies.|Fügt allen feindlichen Einheiten {0} Schaden zu.|Causa {0} de dano a todas as unidades inimigas.|Наносит {0} урона всем врагам.|對所有敵方單位造成 {0} 點傷害。|敵全員に{0}ダメージを与える。|모든 적에게 {0}의 피해를 줍니다.
151|Gana 1{0} por cada <b>Ruina</b> en tu mazo.|Gagnez 1{0} pour chaque <b>Fléau</b> dans votre deck.|Erhalte 1{0} für jeden <b>Fluch</b> in deinem Deck.|Ganhe 1{0} para cada <b>Praga</b> no seu deck.|Даёт 1{0} за каждую <b>Порчу</b> в колоде.|牌庫中每有一張<b>禍害</b>牌，獲得 1{0}。|山札の<b>荒廃</b>1枚につき1{0}を得る。|덱의 <b>저주</b> 카드 한 장당 1{0}을 얻습니다.
153|Inflige 20 de daño a la unidad enemiga delantera por cada <b>Ruina</b> en tu mano y después descarta todas las <b>Ruinas</b> de tu mano.|Inflige 20 dégâts à l'unité ennemie en première ligne pour chaque <b>Fléau</b> en main, puis défaussez tous les <b>Fléaux</b> de votre main.|Fügt der vordersten feindlichen Einheit für jeden <b>Fluch</b> auf deiner Hand 20 Schaden zu. Wirf dann alle <b>Flüche</b> auf deiner Hand ab.|Causa 20 de dano à unidade inimiga da frente para cada <b>Praga</b> na sua mão e depois descarta todas as <b>Pragas</b> da sua mão.|Наносит переднему врагу 20 урона за каждую <b>Порчу</b> в руке, затем сбрасывает всю <b>Порчу</b> из руки.|手牌中每有一張<b>禍害</b>牌，對最前方的敵方單位造成 20 點傷害，然後棄掉手牌中所有<b>禍害</b>牌。|手札の<b>荒廃</b>1枚につき最前列の敵に20ダメージを与え、その後手札の<b>荒廃</b>をすべて捨てる。|손의 <b>저주</b> 카드 한 장당 맨 앞 적에게 피해를 20 주고 손의 모든 <b>저주</b> 카드를 버립니다.
155|<b>Asciende</b> una unidad enemiga. Le otorga <b>{0} {1}</b> y le cura {2}{3}.|Fait <b>monter</b> une unité ennemie. Lui applique <b>{0} {1}</b> et lui restaure {2}{3}.|Lässt eine feindliche Einheit <b>aufsteigen</b>. Verleiht ihr <b>{0} {1}</b> und heilt sie um {2}{3}.|Faz uma unidade inimiga <b>subir</b>. Aplica <b>{0} {1}</b> e cura {2}{3}.|<b>Поднимает</b> врага. Даёт ему <b>{0} {1}</b> и исцеляет на {2}{3}.|使一個敵方單位<b>上升</b>。施加 <b>{0} {1}</b> 並治療 {2}{3}。|敵1体を<b>上昇</b>させる。<b>{0} {1}</b>を付与し{2}{3}回復する。|적 하나를 <b>상승</b>시킵니다. <b>{0} {1}</b>을 부여하고 {2}{3}만큼 회복시킵니다.
157|Añade {0} <b>$Spark</b> con {1} a la pila de descarte. Roba {2} cartas.|Ajoutez {0} <b>$Spark</b> avec {1} à la défausse. Piochez {2} cartes.|Füge dem Ablagestapel {0} <b>$Spark</b> mit {1} hinzu. Ziehe {2} Karten.|Adicione {0} <b>$Spark</b> com {1} à pilha de descarte. Compre {2} cartas.|Добавляет в сброс {0} <b>$Spark</b> с {1}. Даёт {2} карт.|將 {0} 張帶有 {1} 的<b>$Spark</b>加入棄牌堆。抽 {2} 張牌。|{1}付きの<b>$Spark</b>を{0}枚捨て札に加える。{2}枚引く。|{1}가 있는 <b>$Spark</b> {0}장을 버린 카드 더미에 추가합니다. 카드를 {2}장 뽑습니다.
159|Las unidades aliadas obtienen {0} y {1} en cantidad igual a la suma de <b>{2}</b> y <b>{3}</b> de esta sala.|Les unités alliées gagnent {0} et {1}, chacun égal à la somme de <b>{2}</b> et <b>{3}</b> dans cette salle.|Verbündete Einheiten erhalten {0} und {1}, jeweils in Höhe der Summe von <b>{2}</b> und <b>{3}</b> in diesem Raum.|As unidades aliadas ganham {0} e {1}, cada um igual à soma de <b>{2}</b> e <b>{3}</b> nesta sala.|Союзники получают {0} и {1}, каждый в количестве, равном сумме <b>{2}</b> и <b>{3}</b> в этой комнате.|友方單位獲得 {0} 與 {1}，層數各等於此房間中<b>{2}</b>與<b>{3}</b>的總和。|味方全員が、この部屋の<b>{2}</b>と<b>{3}</b>の合計に等しい{0}と{1}を得る。|아군이 이 방의 <b>{2}</b> 및 <b>{3}</b> 중첩 합계만큼 {0} 및 {1}을 각각 얻습니다.
162|La unidad ataca a su propio aliado delantero. Consume 1 carga al activarse. No se puede aplicar a jefes.|L'unité attaque son propre allié en première ligne. Consomme 1 charge au déclenchement. Ne peut pas être appliqué aux boss.|Die Einheit greift ihren eigenen vordersten Verbündeten an. Verbraucht bei Auslösung 1 Stapel. Kann nicht auf Bosse angewendet werden.|A unidade ataca seu próprio aliado da frente. Consome 1 acúmulo ao ativar. Não pode ser aplicado a chefes.|Отряд атакует своего переднего союзника. При срабатывании расходует 1 заряд. Нельзя наложить на боссов.|單位會攻擊己方最前方的單位。觸發時消耗 1 層。無法對首領施加。|ユニットが自軍の最前列の味方を攻撃する。発動時に1スタック消費。ボスには付与できない。|유닛이 자신의 맨 앞 아군을 공격합니다. 발동 시 1중첩을 소모합니다. 보스에게는 부여할 수 없습니다.
166|Activa efectos adicionales de Knightmare.|Déclenche des effets supplémentaires pour Knightmare.|Löst zusätzliche Effekte für Knightmare aus.|Ativa efeitos adicionais de Knightmare.|Активирует дополнительные эффекты Knightmare.|觸發 Knightmare 的額外效果。|Knightmareの追加効果を発動する。|Knightmare의 추가 효과를 발동합니다.
168|Obtiene {0} {1}. Otorga {2} {3} y <b>{4} {5}</b> a las unidades enemigas.|Gagne {0} {1}. Applique {2} {3} et <b>{4} {5}</b> aux unités ennemies.|Erhält {0} {1}. Verleiht feindlichen Einheiten {2} {3} und <b>{4} {5}</b>.|Ganha {0} {1}. Aplica {2} {3} e <b>{4} {5}</b> às unidades inimigas.|Получает {0} {1}. Даёт врагам {2} {3} и <b>{4} {5}</b>.|獲得 {0} {1}。對敵方單位施加 {2} {3} 與 <b>{4} {5}</b>。|{0} {1}を得る。敵全員に{2} {3}と<b>{4} {5}</b>を付与する。|{0} {1}을 얻습니다. 적에게 {2} {3} 및 <b>{4} {5}</b>을 부여합니다.
169|Descarta {0} <b>$Spark</b> de tu mano. -{1}{2}.|Défaussez {0} <b>$Spark</b> de votre main. -{1}{2}.|Wirf {0} <b>$Spark</b> von deiner Hand ab. -{1}{2}.|Descarte {0} <b>$Spark</b> da sua mão. -{1}{2}.|Сбрасывает {0} <b>$Spark</b> из руки. -{1}{2}.|棄掉手牌中的 {0} 張<b>$Spark</b>。-{1}{2}。|手札の<b>$Spark</b>を{0}枚捨てる。-{1}{2}。|손의 <b>$Spark</b> {0}장을 버립니다. -{1}{2}.
170|+{0}{1} y +{2}{3}. +{4}{5} y +{6}{7} permanentemente.|+{0}{1} et +{2}{3}. +{4}{5} et +{6}{7} de façon permanente.|+{0}{1} und +{2}{3}. Dauerhaft +{4}{5} und +{6}{7}.|+{0}{1} e +{2}{3}. +{4}{5} e +{6}{7} permanentemente.|+{0}{1} и +{2}{3}. Навсегда +{4}{5} и +{6}{7}.|+{0}{1} 與 +{2}{3}。永久 +{4}{5} 與 +{6}{7}。|+{0}{1}と+{2}{3}。永続的に+{4}{5}と+{6}{7}。|+{0}{1} 및 +{2}{3}. 영구적으로 +{4}{5} 및 +{6}{7}.
171|Invoca otra $Shadow en esta sala con 5 menos de {0} máxima.|Invoque une autre $Shadow dans cette salle avec 5 de {0} maximum en moins.|Beschwört einen weiteren $Shadow in diesem Raum mit 5 weniger maximaler {0}.|Invoca outra $Shadow nesta sala com 5 a menos de {0} máxima.|Призывает ещё один отряд $Shadow в этой комнате с максимальным {0} на 5 меньше.|在此房間召喚另一個$Shadow，其最大 {0} 降低 5。|この部屋に最大{0}が5低い$Shadowをもう1体召喚する。|이 방에 최대 {0}이 5 낮은 $Shadow 하나를 더 소환합니다.
172|Inflige {0} de daño a la unidad enemiga delantera.|Inflige {0} dégâts à l'unité ennemie en première ligne.|Fügt der vordersten feindlichen Einheit {0} Schaden zu.|Causa {0} de dano à unidade inimiga da frente.|Наносит {0} урона переднему врагу.|對最前方的敵方單位造成 {0} 點傷害。|最前列の敵に{0}ダメージを与える。|맨 앞 적에게 {0}의 피해를 줍니다.
173|Otorga {0} {1} a las unidades aliadas.|Applique {0} {1} aux unités alliées.|Verleiht verbündeten Einheiten {0} {1}.|Concede {0} {1} às unidades aliadas.|Даёт союзникам {0} {1}.|對友方單位施加 {0} {1}。|味方全員に{0} {1}を付与する。|아군에게 {0} {1}을 부여합니다.
175|Gana {0}{1}.|Gagnez {0}{1}.|Erhalte {0}{1}.|Ganhe {0}{1}.|Даёт {0}{1}.|獲得 {0}{1}。|{0}{1}を得る。|{0}{1}을 얻습니다.
177|Otorga <b>{0} {1}</b> a la unidad enemiga trasera.|Applique <b>{0} {1}</b> à l'unité ennemie en dernière ligne.|Verleiht der hintersten feindlichen Einheit <b>{0} {1}</b>.|Aplica <b>{0} {1}</b> à unidade inimiga de trás.|Даёт <b>{0} {1}</b> заднему врагу.|對最後方的敵方單位施加 <b>{0} {1}</b>。|最後列の敵に<b>{0} {1}</b>を付与する。|맨 뒤 적에게 <b>{0} {1}</b>을 부여합니다.
178|Inflige daño igual a su {0} a las unidades enemigas.|Inflige aux unités ennemies des dégâts égaux à son {0}.|Fügt feindlichen Einheiten Schaden in Höhe des eigenen {0} zu.|Causa às unidades inimigas dano igual ao seu {0}.|Наносит врагам урон, равный своей {0}.|對敵方單位造成等同自身 {0} 的傷害。|自身の{0}に等しいダメージを敵全員に与える。|적에게 자신의 {0}만큼 피해를 줍니다.
179|Inflige {0} de daño a las unidades enemigas.|Inflige {0} dégâts aux unités ennemies.|Fügt feindlichen Einheiten {0} Schaden zu.|Causa {0} de dano às unidades inimigas.|Наносит {0} урона врагам.|對敵方單位造成 {0} 點傷害。|敵全員に{0}ダメージを与える。|적에게 {0}의 피해를 줍니다.
180|Otorga {0} {1} a la unidad atacada.|Applique {0} {1} à l'unité attaquée.|Verleiht der angegriffenen Einheit {0} {1}.|Aplica {0} {1} à unidade atacada.|Даёт атакованной цели {0} {1}.|對受攻擊單位施加 {0} {1}。|攻撃対象に{0} {1}を付与する。|공격 대상에게 {0} {1}을 부여합니다.
181|Otorga +{0}{1} a las unidades aliadas.|Applique +{0}{1} aux unités alliées.|Verleiht verbündeten Einheiten +{0}{1}.|Concede +{0}{1} às unidades aliadas.|Даёт союзникам +{0}{1}.|友方單位獲得 +{0}{1}。|味方全員に+{0}{1}を付与する。|아군에게 +{0}{1}을 부여합니다.
